Script,Last Status,Runs,Fails,First Run,Last Run,Avg Time(Success)
Shelter_Stability_Test_30_33_35,Success,9,2,2013-06-19 16:52:26 -0600,2013-06-20 13:25:38 -0600,0:03:11
Shelter_Stability_Test_64,Success,8,1,2013-06-19 17:27:03 -0600,2013-06-20 13:44:24 -0600,0:01:38
Shelter_Stability_Test_67,Success,7,0,2013-06-19 17:28:29 -0600,2013-06-20 13:46:35 -0600,0:01:27
Shelter_Stability_Test_38_40,Success,9,0,2013-06-19 16:56:44 -0600,2013-06-20 13:30:20 -0600,0:01:04
Shelter_Stability_Test_37_39,Success,11,6,2013-06-19 16:55:36 -0600,2013-06-20 13:28:40 -0600,0:01:26
Shelter_Stability_Test_00,Success,10,0,2013-06-19 16:50:38 -0600,2013-06-20 13:23:49 -0600,0:00:00
Shelter_Stability_Test_50_51_52,Success,9,1,2013-06-19 16:58:36 -0600,2013-06-20 13:32:23 -0600,0:01:23
Shelter_Stability_Test_53,Success,9,2,2013-06-19 16:44:40 -0600,2013-06-20 13:33:48 -0600,0:03:22
Shelter_Stability_Test_57,Success,8,1,2013-06-19 17:22:08 -0600,2013-06-20 13:38:55 -0600,0:01:23
Shelter_Stability_Test_47_48_49,Success,9,0,2013-06-19 16:58:08 -0600,2013-06-20 13:31:53 -0600,0:00:27
Shelter_Stability_Test_09_08,Success,9,0,2013-06-19 16:50:39 -0600,2013-06-20 13:23:49 -0600,0:01:49
Shelter_Stability_Test_44_45_46,Success,9,0,2013-06-19 16:57:41 -0600,2013-06-20 13:31:25 -0600,0:00:27
Shelter_Stability_Test_65_66,Success,8,0,2013-06-19 17:28:10 -0600,2013-06-20 13:46:14 -0600,0:00:19
Shelter_Stability_Test_61_26_24_25_62_63,Success,8,2,2013-06-19 17:23:25 -0600,2013-06-20 13:40:18 -0600,0:03:39
Shelter_Stability_Test_54_55_56,Success,8,2,2013-06-19 17:20:37 -0600,2013-06-20 13:37:14 -0600,0:01:35
